111,Non-DMA Areas,Non-DMA Areas,524050.67609,63.099780,-151.230830,United States," 102,531 "," 48,817 "," $68,110 "," 11,966 "," 16,091 "," 20,760 ", 749 , 22 , 129 , 29 , 87 ," 57,829 "," 2,118 "," 29,940 "," 10,488 ", 364 , 672 ," 33,247 "," 7,152 "
500,Portland-Auburn (ME),Portland-Auburn (ME),11256.41264,44.366210,-70.396540,United States," 813,154 "," 439,499 "," $59,700 "," 31,383 "," 148,379 "," 259,737 ", 730 , 22 , 126 , 28 , 85 ," 941,445 "," 18,566 "," 3,097 "," 14,704 ", 221 , 614 ," 17,448 "," 20,036 "
501,New York,New York,11734.29043,40.842380,-74.211720,United States," 16,778,672 "," 8,025,869 "," $76,955 "," 2,299,938 "," 2,578,274 "," 3,147,657 "," 1,079 ", 32 , 185 , 41 , 126 ," 10,286,851 "," 3,636,919 "," 32,001 "," 2,413,446 "," 5,202 "," 104,864 "," 334,620 "," 4,906,874 "
502,Binghampton,Binghampton,3599.23101,42.281750,-75.495880,United States," 271,193 "," 144,905 "," $52,373 "," 14,600 "," 51,135 "," 79,170 ", 664 , 20 , 114 , 25 , 78 ," 299,851 "," 12,788 ", 614 ," 10,466 ", 80 , 245 ," 6,640 "," 12,142 "
503,Macon,Macon,8386.80918,32.520690,-83.319050,United States," 514,116 "," 262,841 "," $44,920 "," 20,194 "," 89,611 "," 153,036 ", 598 , 18 , 103 , 23 , 69 ," 355,382 "," 266,690 "," 1,351 "," 11,666 ", 251 , 718 ," 9,793 "," 28,434 "
504,Philadelphia,Philadelphia,8114.96569,38.994300,-75.386550,United States," 6,295,603 "," 3,154,381 "," $68,438 "," 367,296 "," 1,078,603 "," 1,708,482 ", 898 , 26 , 154 , 34 , 105 ," 5,065,620 "," 1,549,526 "," 13,824 "," 472,249 "," 2,107 "," 10,464 "," 150,362 "," 895,845 "
505,Detroit,Detroit,6210.83278,42.707000,-83.288300,United States," 3,751,712 "," 1,978,134 "," $59,574 "," 163,801 "," 687,209 "," 1,127,124 ", 806 , 24 , 139 , 31 , 94 ," 3,294,702 "," 1,011,116 "," 13,578 "," 224,770 ", 928 ," 4,931 "," 105,921 "," 221,980 "
506,Boston-Manchester,Boston-Manchester,9605.67610,42.694160,-71.748310,United States," 5,275,113 "," 2,598,094 "," $83,728 "," 298,235 "," 890,522 "," 1,409,337 "," 1,071 ", 32 , 184 , 41 , 125 ," 4,958,971 "," 470,299 "," 8,963 "," 464,940 "," 1,351 "," 37,039 "," 105,921 "," 639,989 "
507,Savannah,Savannah,9324.12023,32.168140,-81.675510,United States," 745,254 "," 383,101 "," $52,352 "," 23,273 "," 129,034 "," 230,794 ", 667 , 20 , 115 , 26 , 78 ," 572,829 "," 287,429 "," 2,235 "," 17,815 ", 910 ," 2,330 "," 17,202 "," 76,740 "
508,Pittsburgh,Pittsburgh,10502.82093,39.290130,-79.659190,United States," 2,257,450 "," 1,226,444 "," $57,193 "," 127,127 "," 439,560 "," 659,757 ", 749 , 22 , 129 , 29 , 88 ," 2,432,098 "," 214,589 "," 3,079 "," 64,878 ", 548 ," 2,702 "," 47,257 "," 53,551 "
509,Fort Wayne,Fort Wayne,4827.72101,40.685070,-85.143110,United States," 542,226 "," 291,417 "," $53,795 "," 16,205 "," 92,711 "," 182,501 ", 669 , 20 , 115 , 26 , 78 ," 608,519 "," 47,343 "," 1,906 "," 17,373 ", 188 , 592 ," 13,146 "," 42,894 "
510,Cleveland,Cleveland,7850.78767,41.455220,-81.711190,United States," 2,962,083 "," 1,605,913 "," $54,042 "," 144,669 "," 547,559 "," 913,685 ", 722 , 21 , 124 , 28 , 84 ," 2,944,293 "," 557,168 "," 6,307 "," 82,514 ", 738 ," 3,032 "," 72,885 "," 159,191 "
511,Washington DC,Washington DC,12798.79049,38.421840,-77.862990,United States," 5,378,657 "," 2,609,994 "," $95,570 "," 244,012 "," 845,233 "," 1,520,749 "," 1,193 ", 35 , 205 , 46 , 138 ," 3,557,259 "," 1,649,606 "," 15,466 "," 672,923 "," 3,794 "," 14,229 "," 191,876 "," 976,297 "
512,Baltimore,Baltimore,3870.21540,39.150500,-75.908160,United States," 2,314,857 "," 1,175,185 "," $78,919 "," 122,409 "," 378,241 "," 674,535 ", 982 , 29 , 169 , 38 , 114 ," 1,757,353 "," 832,437 "," 7,196 "," 167,623 "," 1,278 "," 3,179 "," 68,393 "," 166,900 "
513,Flint-Saginaw-Bay City,Flint-Saginaw-Bay City,7792.18532,43.638560,-83.847570,United States," 884,477 "," 476,691 "," $48,007 "," 35,960 "," 164,909 "," 275,822 ", 638 , 19 , 110 , 24 , 74 ," 914,925 "," 128,686 "," 5,843 "," 13,441 ", 254 , 593 ," 23,006 "," 50,282 "
514,Buffalo,Buffalo,8550.65854,42.912880,-78.680120,United States," 1,251,106 "," 677,307 "," $54,212 "," 79,621 "," 256,249 "," 341,437 ", 693 , 20 , 119 , 27 , 81 ," 1,281,518 "," 153,507 "," 8,775 "," 41,242 ", 285 ," 1,232 "," 29,909 "," 74,820 "
515,Cincinnati,Cincinnati,7552.97655,39.033930,-84.356320,United States," 1,807,107 "," 960,667 "," $61,032 "," 71,531 "," 294,426 "," 594,710 ", 797 , 23 , 137 , 31 , 93 ," 1,931,797 "," 278,225 "," 3,847 "," 58,694 "," 1,168 "," 2,616 "," 43,689 "," 75,152 "
516,Erie,Erie,2735.29058,41.623950,-79.717560,United States," 309,721 "," 164,241 "," $50,399 "," 15,403 "," 62,236 "," 86,602 ", 654 , 19 , 113 , 25 , 76 ," 348,412 "," 22,719 ", 646 ," 5,712 ", 89 , 187 ," 7,153 "," 13,367 "
517,Charlotte,Charlotte,10527.47747,35.048860,-80.769860,United States," 2,505,561 "," 1,291,184 "," $56,357 "," 64,991 "," 404,286 "," 821,907 ", 748 , 22 , 129 , 29 , 87 ," 2,147,528 "," 678,700 "," 11,082 "," 112,795 "," 1,249 "," 6,883 "," 55,271 "," 289,868 "
518,Greensboro-High Point-Winston-Salem,Greensboro-High Point-Winston-Salem,7442.81747,35.996290,-80.341700,United States," 1,402,299 "," 758,053 "," $48,402 "," 44,440 "," 242,414 "," 471,199 ", 652 , 19 , 112 , 25 , 76 ," 1,189,082 "," 381,947 "," 6,044 "," 47,167 ", 546 ," 3,529 "," 28,841 "," 166,117 "
519,Charleston (SC),Charleston (SC),5653.54204,32.664180,-80.042220,United States," 709,682 "," 366,873 "," $57,674 "," 22,694 "," 124,337 "," 219,842 ", 745 , 22 , 128 , 29 , 87 ," 574,528 "," 259,008 "," 3,141 "," 16,801 ", 571 ," 2,544 "," 15,949 "," 46,271 "
520,Augusta,Augusta,8017.51667,33.307570,-81.906080,United States," 545,041 "," 283,020 "," $49,074 "," 20,162 "," 91,192 "," 171,666 ", 629 , 19 , 108 , 24 , 73 ," 385,430 "," 265,935 "," 2,049 "," 13,613 ", 681 , 671 ," 14,108 "," 35,425 "
521,Providence-New Bedford,Providence-New Bedford,1667.40710,41.699490,-71.040260,United States," 1,275,145 "," 649,968 "," $63,909 "," 64,987 "," 234,889 "," 350,092 ", 822 , 24 , 141 , 32 , 96 ," 1,224,378 "," 97,559 "," 4,184 "," 51,882 ", 382 ," 9,877 "," 32,084 "," 191,223 "
522,Columbus (GA),Columbus (GA),7004.70000,32.521730,-84.833860,United States," 458,187 "," 240,858 "," $44,717 "," 19,479 "," 80,710 "," 140,669 ", 614 , 18 , 106 , 24 , 71 ," 316,366 "," 223,815 "," 1,696 "," 14,253 ", 682 , 742 ," 10,768 "," 32,297 "
523,Burlington-Plattsburgh,Burlington-Plattsburgh,15141.42653,43.535410,-73.036880,United States," 674,699 "," 352,735 "," $61,392 "," 24,987 "," 119,551 "," 208,197 ", 752 , 22 , 129 , 29 , 88 ," 764,041 "," 16,786 "," 4,366 "," 16,579 ", 160 , 656 ," 16,234 "," 20,008 "
524,Atlanta,Atlanta,17797.67079,33.250120,-84.333560,United States," 5,262,308 "," 2,619,317 "," $62,663 "," 144,131 "," 820,362 "," 1,654,824 ", 817 , 24 , 141 , 31 , 95 ," 3,637,619 "," 2,135,064 "," 13,996 "," 376,766 "," 2,584 "," 23,444 "," 119,742 "," 741,050 "
525,Albany (GA),Albany (GA),6411.76385,31.469220,-83.712190,United States," 304,285 "," 157,918 "," $38,539 "," 16,206 "," 56,997 "," 84,715 ", 553 , 16 , 95 , 21 , 64 ," 209,533 "," 159,231 ", 839 ," 4,671 ", 139 , 351 ," 4,401 "," 30,071 "
526,Utica,Utica,2868.80393,42.653760,-75.025310,United States," 210,960 "," 110,802 "," $52,936 "," 12,136 "," 41,430 "," 57,236 ", 665 , 20 , 114 , 25 , 78 ," 225,627 "," 14,068 ", 456 ," 9,683 ", 51 , 193 ," 4,443 "," 13,164 "
527,Indianapolis,Indianapolis,12348.86583,39.167020,-86.121890,United States," 2,247,060 "," 1,191,319 "," $56,452 "," 69,692 "," 395,070 "," 726,557 ", 729 , 21 , 126 , 28 , 85 ," 2,303,359 "," 344,787 "," 6,315 "," 87,676 ", 871 ," 4,186 "," 54,942 "," 177,424 "
528,Miami-Fort Lauderdale,Miami-Fort Lauderdale,4213.08103,25.642510,-80.684360,United States," 3,755,630 "," 1,738,625 "," $52,468 "," 148,031 "," 683,531 "," 907,063 ", 732 , 22 , 126 , 28 , 85 ," 1,190,171 "," 989,527 "," 5,568 "," 122,806 "," 1,301 "," 11,213 "," 54,214 "," 2,426,170 "
529,Louisville,Louisville,10108.58694,38.060510,-85.775000,United States," 1,349,875 "," 722,243 "," $54,874 "," 50,858 "," 235,604 "," 435,781 ", 703 , 21 , 121 , 27 , 82 ," 1,405,627 "," 213,626 "," 3,917 "," 33,480 ", 987 ," 1,571 "," 33,981 "," 78,894 "
530,Tallahassee-Thomasville,Tallahassee-Thomasville,10624.38543,29.990310,-83.723670,United States," 588,900 "," 299,224 "," $45,518 "," 20,284 "," 105,146 "," 173,794 ", 613 , 18 , 106 , 23 , 71 ," 435,515 "," 239,311 "," 2,294 "," 15,726 ", 286 ," 1,050 "," 12,393 "," 48,740 "
531,Tri-Cities (TN-VA),Tri-Cities (TN-VA),7195.88900,37.110430,-82.468520,United States," 639,781 "," 346,703 "," $41,560 "," 22,322 "," 108,237 "," 216,144 ", 579 , 17 , 100 , 22 , 68 ," 744,461 "," 21,215 "," 1,644 "," 6,072 ", 118 , 367 ," 9,970 "," 17,829 "
532,Albany-Schenectady-Troy,Albany-Schenectady-Troy,10318.68614,42.739640,-73.843740,United States," 1,103,229 "," 590,561 "," $64,495 "," 55,316 "," 211,407 "," 323,838 ", 782 , 23 , 134 , 30 , 91 ," 1,150,528 "," 88,696 "," 2,333 "," 46,125 ", 318 ," 3,147 "," 26,773 "," 68,157 "
533,Hartford-New Haven,Hartford-New Haven,4323.43360,41.610860,-72.652530,United States," 2,073,088 "," 1,065,693 "," $73,430 "," 94,737 "," 356,085 "," 614,871 ", 927 , 27 , 159 , 36 , 108 ," 1,806,450 "," 278,834 "," 5,545 "," 117,447 ", 702 ," 4,390 "," 49,360 "," 366,480 "
534,Orlando-Daytona Beach-Melbourne,Orlando-Daytona Beach-Melbourne,9038.33221,28.656340,-81.513350,United States," 3,392,703 "," 1,687,079 "," $52,928 "," 88,614 "," 667,114 "," 931,351 ", 671 , 20 , 116 , 26 , 78 ," 2,520,435 "," 594,939 "," 10,470 "," 151,393 "," 2,619 "," 7,839 "," 76,854 "," 928,730 "
535,Columbus,Columbus,10215.66542,39.559420,-82.553080,United States," 1,963,224 "," 1,017,662 "," $59,330 "," 65,376 "," 333,776 "," 618,510 ", 766 , 23 , 132 , 29 , 89 ," 1,990,064 "," 340,834 "," 5,018 "," 94,113 "," 1,014 "," 3,402 "," 59,698 "," 95,478 "
536,Youngstown,Youngstown,2274.45583,40.731540,-80.543410,United States," 501,229 "," 269,478 "," $46,838 "," 20,324 "," 94,061 "," 155,093 ", 629 , 19 , 108 , 24 , 74 ," 536,400 "," 62,166 ", 970 ," 4,949 ", 101 , 528 ," 11,318 "," 19,871 "
537,Bangor,Bangor,17181.77629,45.402930,-68.751450,United States," 277,107 "," 151,830 "," $48,443 "," 11,790 "," 53,413 "," 86,627 ", 607 , 18 , 105 , 23 , 71 ," 321,065 "," 3,155 "," 2,835 "," 3,692 ", 79 , 256 ," 6,580 "," 5,536 "
538,Rochester (NY),Rochester (NY),2946.75632,43.252460,-77.381680,United States," 810,508 "," 433,481 "," $58,031 "," 45,141 "," 154,123 "," 234,217 ", 744 , 22 , 128 , 28 , 87 ," 785,676 "," 122,957 "," 2,212 "," 32,410 ", 228 , 877 ," 20,031 "," 72,661 "
539,Tampa-St Petersburg,Tampa-St Petersburg,8349.56309,27.998900,-81.895490,United States," 3,874,379 "," 2,016,546 "," $52,388 "," 123,678 "," 854,201 "," 1,038,667 ", 690 , 20 , 119 , 26 , 81 ," 3,230,211 "," 546,614 "," 11,644 "," 144,435 "," 2,495 "," 6,083 "," 82,646 "," 859,486 "
540,Traverse City-Cadillac,Traverse City-Cadillac,15561.53874,44.996960,-84.948630,United States," 490,930 "," 263,090 "," $48,603 "," 16,012 "," 88,414 "," 158,664 ", 625 , 18 , 107 , 24 , 73 ," 556,643 "," 11,011 "," 9,916 "," 4,249 ", 137 , 264 ," 17,690 "," 15,664 "
541,Lexinton,Lexinton,12431.25228,36.938390,-83.992850,United States," 1,006,666 "," 530,774 "," $45,207 "," 38,457 "," 176,731 "," 315,586 ", 628 , 18 , 108 , 24 , 73 ," 1,133,550 "," 80,847 "," 2,485 "," 21,093 ", 291 ," 1,699 "," 20,917 "," 48,187 "
542,Dayton,Dayton,5300.71584,40.139300,-84.357880,United States," 1,006,163 "," 546,803 "," $53,519 "," 40,019 "," 173,768 "," 333,016 ", 692 , 20 , 119 , 26 , 81 ," 1,073,910 "," 146,558 "," 2,684 "," 23,486 ", 495 ," 1,274 "," 29,855 "," 34,921 "
543,Springfield-Holyoke,Springfield-Holyoke,1901.10311,42.140630,-72.604940,United States," 552,369 "," 274,462 "," $58,966 "," 30,863 "," 101,840 "," 141,759 ", 770 , 23 , 132 , 29 , 90 ," 491,276 "," 48,251 "," 1,177 "," 23,335 ", 180 , 554 ," 12,528 "," 122,536 "
544,Norfolk-Newport News,Norfolk-Newport News,6665.64988,36.689060,-76.717200,United States," 1,520,063 "," 778,142 "," $62,623 "," 50,675 "," 245,079 "," 482,388 ", 780 , 23 , 134 , 30 , 90 ," 1,105,021 "," 604,697 "," 6,767 "," 72,802 "," 1,960 "," 1,874 "," 57,983 "," 121,962 "
545,Greenville-New Bern-Washington,Greenville-New Bern-Washington,8448.16544,35.343690,-77.040950,United States," 626,959 "," 331,896 "," $46,345 "," 20,768 "," 106,211 "," 204,917 ", 598 , 18 , 103 , 23 , 69 ," 497,995 "," 211,108 "," 3,154 "," 14,285 ", 785 , 890 ," 17,523 "," 71,556 "
546,Columbia (SC),Columbia (SC),7400.72240,33.467890,-80.942800,United States," 854,283 "," 443,018 "," $51,835 "," 27,499 "," 147,761 "," 267,758 ", 665 , 20 , 115 , 25 , 77 ," 591,934 "," 421,982 "," 3,241 "," 21,717 ", 625 ," 1,777 "," 17,986 "," 54,068 "
547,Toledo,Toledo,5555.03094,41.483800,-83.758740,United States," 810,025 "," 437,815 "," $53,311 "," 32,379 "," 144,386 "," 261,050 ", 685 , 20 , 118 , 26 , 80 ," 846,776 "," 98,469 "," 2,200 "," 14,205 ", 201 , 652 ," 19,821 "," 71,759 "
548,West Palm Beach-Fort Pierce,West Palm Beach-Fort Pierce,4865.49019,26.561610,-80.622490,United States," 1,717,209 "," 869,459 "," $56,739 "," 48,851 "," 362,661 "," 457,947 ", 814 , 24 , 140 , 31 , 95 ," 1,269,386 "," 361,725 "," 3,733 "," 54,260 ", 800 ," 3,763 "," 28,726 "," 426,880 "
549,Watertown,Watertown,5371.71527,43.878180,-75.486310,United States," 190,968 "," 97,312 "," $51,961 "," 8,441 "," 33,780 "," 55,091 ", 646 , 19 , 111 , 25 , 75 ," 217,242 "," 10,394 "," 1,268 "," 3,538 ", 294 , 246 ," 4,997 "," 11,478 "
550,Wilmington,Wilmington,3781.47450,34.361660,-78.302670,United States," 411,376 "," 223,377 "," $51,179 "," 11,597 "," 73,312 "," 138,468 ", 654 , 19 , 113 , 25 , 76 ," 380,750 "," 85,048 "," 3,428 "," 5,850 ", 185 ," 1,339 "," 8,760 "," 28,379 "
551,Lansing,Lansing,3040.29228,41.761360,-84.603180,United States," 532,447 "," 275,661 "," $54,496 "," 18,900 "," 96,866 "," 159,895 ", 700 , 21 , 121 , 27 , 81 ," 540,019 "," 57,062 "," 2,543 "," 25,749 ", 147 , 584 ," 18,067 "," 38,939 "
552,Presque Isle,Presque Isle,6810.74137,46.516170,-68.303820,United States," 54,332 "," 30,448 "," $41,754 "," 2,454 "," 11,373 "," 16,621 ", 554 , 16 , 95 , 21 , 65 ," 63,139 ", 707 , 786 , 397 , 10 , 20 ," 1,394 ", 933 
553,Marquette,Marquette,11495.98481,46.453860,-87.876400,United States," 173,181 "," 93,849 "," $46,455 "," 6,634 "," 31,088 "," 56,127 ", 591 , 17 , 102 , 23 , 69 ," 195,600 "," 3,460 "," 3,332 "," 2,344 ", 41 , 82 ," 6,210 "," 3,700 "
554,Wheeling-Steubenville,Wheeling-Steubenville,3445.01885,39.966550,-81.043520,United States," 258,543 "," 138,546 "," $46,388 "," 12,360 "," 45,438 "," 80,748 ", 611 , 18 , 105 , 23 , 72 ," 301,623 "," 10,671 ", 409 ," 1,713 ", 35 , 210 ," 5,183 "," 4,281 "
555,Syracuse,Syracuse,5446.63719,42.984890,-76.075520,United States," 784,819 "," 407,971 "," $57,778 "," 45,330 "," 147,217 "," 215,424 ", 727 , 21 , 125 , 28 , 85 ," 825,641 "," 69,083 "," 4,610 "," 35,433 ", 232 , 862 ," 22,500 "," 40,408 "
556,Richmond-Petersburg,Richmond-Petersburg,9474.97063,37.437730,-77.534940,United States," 1,161,567 "," 587,396 "," $63,723 "," 40,861 "," 178,858 "," 367,677 ", 816 , 24 , 140 , 31 , 95 ," 869,005 "," 453,563 "," 4,661 "," 54,829 ", 624 ," 2,076 "," 30,296 "," 82,487 "
557,Knoxville,Knoxville,9473.68710,35.944800,-84.051860,United States," 1,079,790 "," 571,668 "," $46,660 "," 31,155 "," 179,657 "," 360,856 ", 636 , 19 , 109 , 24 , 74 ," 1,213,717 "," 63,103 "," 3,600 "," 18,597 ", 542 , 861 ," 22,343 "," 55,396 "
558,Lima,Lima,889.98935,40.905420,-84.139630,United States," 103,361 "," 53,941 "," $54,240 "," 3,286 "," 15,461 "," 35,194 ", 669 , 20 , 115 , 26 , 78 ," 114,023 "," 13,159 ", 203 ," 1,112 ", 15 , 222 ," 2,828 "," 5,275 "
559,Bluefield-Beckley,Bluefield-Beckley,6059.38220,37.796340,-80.807230,United States," 262,700 "," 142,986 "," $40,086 "," 12,851 "," 48,907 "," 81,228 ", 560 , 17 , 96 , 21 , 66 ," 303,223 "," 17,021 ", 669 ," 2,076 ", 49 , 172 ," 5,211 "," 4,742 "
560,Raleigh-Durham,Raleigh-Durham,12164.37236,35.722520,-78.499340,United States," 2,421,250 "," 1,264,008 "," $58,615 "," 69,136 "," 402,342 "," 792,530 ", 762 , 22 , 131 , 29 , 88 ," 1,789,064 "," 865,441 "," 18,609 "," 128,886 "," 2,059 "," 11,375 "," 67,276 "," 326,812 "
561,Jacksonville,Jacksonville,9183.04170,29.810250,-82.006530,United States," 1,472,166 "," 754,570 "," $55,623 "," 45,799 "," 267,267 "," 441,504 ", 708 , 21 , 122 , 27 , 82 ," 1,246,467 "," 405,367 "," 5,934 "," 65,895 "," 1,385 "," 1,429 "," 41,051 "," 152,174 "
563,Grand Rapids-Kalamazoo-Battle Creek,Grand Rapids-Kalamazoo-Battle Creek,9051.75566,42.472230,-85.625390,United States," 1,564,710 "," 794,167 "," $56,466 "," 52,596 "," 247,745 "," 493,826 ", 708 , 21 , 122 , 27 , 82 ," 1,654,992 "," 154,360 "," 8,564 "," 45,174 ", 449 ," 1,356 "," 46,259 "," 162,922 "
564,Charleston-Huntingdon,Charleston-Huntingdon,13874.88933,37.997220,-82.041540,United States," 860,107 "," 468,100 "," $43,225 "," 43,425 "," 158,111 "," 266,564 ", 593 , 17 , 102 , 23 , 69 ," 1,032,511 "," 31,246 "," 2,263 "," 7,737 ", 165 , 526 ," 16,389 "," 14,559 "
565,Elmira,Elmira,3289.58800,42.000150,-77.142860,United States," 186,895 "," 100,363 "," $52,617 "," 9,033 "," 33,929 "," 57,401 ", 673 , 20 , 116 , 26 , 79 ," 217,931 "," 7,618 ", 503 ," 3,384 ", 38 , 150 ," 4,383 "," 5,456 "
566,Harrisburg-Lancaster-Lebanon,Harrisburg-Lancaster-Lebanon,6016.75151,39.760460,-76.986170,United States," 1,555,154 "," 798,023 "," $62,954 "," 54,923 "," 242,750 "," 500,350 ", 754 , 22 , 130 , 29 , 88 ," 1,661,999 "," 122,349 "," 2,918 "," 49,660 ", 445 ," 1,295 "," 34,493 "," 152,715 "
567,Greenvile-Spartanburg-Ashland,Greenvile-Spartanburg-Ashland,13314.53532,34.445140,-82.702510,United States," 1,789,014 "," 943,862 "," $48,483 "," 54,943 "," 301,787 "," 587,132 ", 637 , 19 , 110 , 24 , 74 ," 1,747,798 "," 320,658 "," 9,979 "," 36,250 ", 919 ," 2,772 "," 38,793 "," 143,240 "
569,Harrisonburg,Harrisonburg,2573.05513,38.245840,-79.067940,United States," 206,508 "," 103,117 "," $54,057 "," 6,189 "," 29,039 "," 67,889 ", 676 , 20 , 116 , 26 , 79 ," 217,102 "," 15,209 ", 435 ," 4,286 ", 79 , 214 ," 4,754 "," 20,231 "
570,Florence-Myrtle Beach,Florence-Myrtle Beach,5174.33384,34.838470,-79.418990,United States," 610,711 "," 323,449 "," $43,245 "," 24,161 "," 115,386 "," 183,902 ", 562 , 17 , 97 , 21 , 66 ," 448,988 "," 218,643 "," 33,755 "," 8,909 ", 332 ," 10,220 "," 29,053 "," 39,722 "
571,Fort Myers-Naples,Fort Myers-Naples,6383.11555,25.951290,-81.622450,United States," 1,135,298 "," 580,347 "," $55,740 "," 28,714 "," 248,912 "," 302,721 ", 736 , 22 , 126 , 28 , 87 ," 929,734 "," 110,784 "," 3,258 "," 22,576 ", 400 ," 3,238 "," 16,593 "," 304,344 "
573,Roanoke-Lynchburg,Roanoke-Lynchburg,12478.33235,36.665060,-80.060480,United States," 889,876 "," 473,330 "," $49,116 "," 33,733 "," 141,645 "," 297,952 ", 649 , 19 , 112 , 25 , 76 ," 870,564 "," 167,961 "," 2,467 "," 22,398 ", 257 , 923 ," 19,214 "," 37,582 "
574,Johnstown-Altoona,Johnstown-Altoona,8350.61019,40.113130,-78.280850,United States," 593,090 "," 301,791 "," $49,862 "," 25,599 "," 102,071 "," 174,121 ", 632 , 19 , 109 , 24 , 74 ," 675,108 "," 21,145 ", 717 ," 14,300 ", 143 , 495 ," 8,993 "," 15,676 "
575,Chattanooga,Chattanooga,5769.42018,34.988280,-84.801830,United States," 760,787 "," 395,565 "," $48,258 "," 22,809 "," 125,547 "," 247,209 ", 633 , 19 , 109 , 24 , 74 ," 779,916 "," 92,050 "," 2,887 "," 14,289 ", 358 , 556 ," 15,661 "," 79,384 "
576,Salisbury,Salisbury,2703.27712,38.442790,-75.691570,United States," 343,447 "," 179,615 "," $56,226 "," 9,598 "," 60,737 "," 109,280 ", 692 , 20 , 119 , 26 , 81 ," 303,173 "," 80,563 "," 1,416 "," 7,954 ", 109 , 658 ," 8,548 "," 30,928 "
577,Wilkes Barre-Scranton,Wilkes Barre-Scranton,10636.12058,40.851660,-76.530070,United States," 1,173,642 "," 607,446 "," $52,815 "," 49,216 "," 209,993 "," 348,237 ", 652 , 19 , 112 , 25 , 76 ," 1,270,608 "," 67,491 "," 2,050 "," 20,700 ", 303 , 875 ," 19,855 "," 94,697 "
581,Terre Haute,Terre Haute,5961.95727,39.281400,-87.522430,United States," 293,333 "," 151,239 "," $48,710 "," 9,867 "," 46,515 "," 94,857 ", 618 , 18 , 106 , 24 , 72 ," 345,540 "," 14,449 ", 850 ," 3,924 ", 87 , 257 ," 5,433 "," 9,353 "
582,Lafayette (IN),Lafayette (IN),1274.68502,40.432140,-87.113030,United States," 160,217 "," 79,166 "," $52,195 "," 4,895 "," 27,517 "," 46,754 ", 659 , 19 , 114 , 25 , 76 ," 158,230 "," 10,354 ", 422 ," 16,201 ", 61 , 143 ," 3,671 "," 16,940 "
583,Alpena,Alpena,1284.37911,44.660220,-83.574840,United States," 31,131 "," 17,580 "," $43,111 "," 1,078 "," 6,302 "," 10,200 ", 560 , 17 , 96 , 21 , 66 ," 36,322 ", 224 , 178 , 241 , 11 , 4 , 489 , 636 
584,Charlottesville,Charlottesville,1847.66399,37.951810,-78.271130,United States," 185,044 "," 92,747 "," $69,371 "," 5,329 "," 28,752 "," 58,666 ", 876 , 26 , 151 , 34 , 102 ," 175,762 "," 28,846 ", 407 ," 10,422 ", 82 , 369 ," 5,582 "," 12,436 "
588,South Bend-Elkhart,South Bend-Elkhart,4520.03965,40.999180,-86.062420,United States," 667,923 "," 350,956 "," $52,729 "," 27,156 "," 112,466 "," 211,334 ", 667 , 20 , 115 , 26 , 78 ," 705,398 "," 75,951 "," 2,879 "," 15,013 ", 380 , 663 ," 18,400 "," 80,184 "
592,Gainesville,Gainesville,3172.99843,29.095360,-82.728810,United States," 272,298 "," 139,465 "," $45,907 "," 10,194 "," 55,743 "," 73,528 ", 625 , 18 , 108 , 24 , 73 ," 223,543 "," 59,715 ", 876 ," 16,960 ", 138 , 559 ," 7,093 "," 30,300 "
596,Zanesville,Zanesville,671.83698,39.961240,-81.962500,United States," 62,118 "," 33,423 "," $46,356 "," 2,511 "," 10,318 "," 20,594 ", 577 , 17 , 99 , 22 , 67 ," 73,802 "," 3,398 ", 163 , 476 , 16 , 119 ," 2,229 "," 1,107 "
597,Parkersburg,Parkersburg,1150.53219,39.194720,-81.430830,United States," 118,156 "," 64,574 "," $47,738 "," 4,998 "," 21,650 "," 37,926 ", 634 , 19 , 109 , 24 , 74 ," 142,057 "," 2,051 ", 321 ," 1,057 ", 36 , 94 ," 2,379 "," 2,082 "
598,Clarksburg-Weston,Clarksburg-Weston,5118.20906,38.773710,-80.309100,United States," 208,158 "," 109,243 "," $44,998 "," 9,108 "," 36,640 "," 63,495 ", 586 , 17 , 101 , 22 , 69 ," 247,907 "," 5,799 ", 538 ," 1,543 ", 40 , 126 ," 3,776 "," 4,168 "
600,Corpus Christi,Corpus Christi,11594.57892,26.600640,-97.859170,United States," 448,901 "," 224,368 "," $52,553 "," 15,982 "," 78,137 "," 130,249 ", 673 , 20 , 116 , 26 , 78 ," 191,501 "," 20,788 "," 1,550 "," 10,079 ", 313 , 534 ," 4,889 "," 377,379 "
602,Chicago,Chicago,9445.52423,41.311400,-87.826800,United States," 7,362,731 "," 3,695,954 "," $69,122 "," 434,676 "," 1,277,861 "," 1,983,417 ", 922 , 27 , 159 , 35 , 107 ," 5,172,037 "," 1,607,623 "," 14,084 "," 640,235 "," 2,073 "," 13,959 "," 152,385 "," 2,103,544 "
603,Joplin-Pittsburg,Joplin-Pittsburg,8363.59765,37.279370,-95.007490,United States," 301,000 "," 163,219 "," $44,953 "," 9,834 "," 50,808 "," 102,577 ", 584 , 17 , 101 , 22 , 68 ," 339,232 "," 7,771 "," 8,637 "," 4,679 "," 1,128 ", 437 ," 16,641 "," 24,113 "
604,Columbia-Jefferson City,Columbia-Jefferson City,8240.95440,38.186570,-92.273940,United States," 382,676 "," 197,842 "," $52,658 "," 10,690 "," 61,694 "," 125,458 ", 652 , 19 , 112 , 25 , 76 ," 418,433 "," 35,654 "," 1,596 "," 11,434 ", 213 , 365 ," 10,598 "," 14,213 "
605,Topeka,Topeka,11849.47315,39.020020,-96.555850,United States," 352,882 "," 191,049 "," $53,195 "," 11,871 "," 56,475 "," 122,703 ", 663 , 20 , 114 , 25 , 77 ," 365,798 "," 27,994 "," 4,068 "," 9,834 ", 521 , 255 ," 14,570 "," 45,173 "
606,Dothan,Dothan,3491.40563,31.000690,-85.411960,United States," 197,772 "," 108,759 "," $45,634 "," 6,677 "," 36,442 "," 65,640 ", 599 , 18 , 103 , 23 , 70 ," 179,333 "," 59,116 "," 1,401 "," 2,845 ", 154 , 227 ," 5,111 "," 11,976 "
609,St Louis,St Louis,17976.01592,38.324350,-90.139040,United States," 2,456,274 "," 1,313,922 "," $60,097 "," 96,522 "," 423,061 "," 794,339 ", 791 , 23 , 136 , 30 , 92 ," 2,422,801 "," 531,389 "," 6,786 "," 78,450 "," 1,046 "," 2,173 "," 57,752 "," 97,834 "
610,Rockford,Rockford,2854.19602,41.585190,-89.315910,United States," 357,955 "," 190,784 "," $54,368 "," 13,618 "," 61,945 "," 115,221 ", 698 , 21 , 120 , 27 , 81 ," 349,307 "," 44,950 ", 860 ," 10,027 ", 102 , 234 ," 9,415 "," 56,317 "
611,Rochester-Mason City-Austin,Rochester-Mason City-Austin,6774.24355,42.907570,-92.850740,United States," 284,651 "," 157,550 "," $62,914 "," 9,702 "," 46,062 "," 101,786 ", 795 , 23 , 137 , 30 , 93 ," 323,708 "," 13,030 ", 643 ," 13,291 ", 127 , 331 ," 5,912 "," 21,075 "
612,Shreveport,Shreveport,19518.73118,31.852440,-93.936520,United States," 761,106 "," 409,507 "," $42,867 "," 30,645 "," 142,415 "," 236,447 ", 603 , 18 , 104 , 23 , 70 ," 594,843 "," 306,516 "," 9,165 "," 11,110 ", 438 ," 1,196 "," 20,439 "," 74,278 "
613,Minneapolis-St Paul,Minneapolis-St Paul,44945.82481,44.539490,-94.198600,United States," 3,624,993 "," 1,872,714 "," $71,393 "," 121,187 "," 554,354 "," 1,197,173 ", 907 , 27 , 156 , 35 , 105 ," 3,785,193 "," 326,418 "," 32,333 "," 264,554 "," 1,616 "," 5,291 "," 114,854 "," 262,063 "
616,Kansas City,Kansas City,18599.21518,38.530050,-94.208930,United States," 1,911,232 "," 1,020,855 "," $61,595 "," 61,213 "," 327,607 "," 632,035 ", 781 , 23 , 135 , 30 , 91 ," 1,901,064 "," 283,286 "," 11,530 "," 71,822 "," 3,247 "," 2,529 "," 61,746 "," 212,352 "
617,Milwaukee,Milwaukee,4688.45255,42.639490,-88.354590,United States," 1,777,903 "," 952,115 "," $61,133 "," 82,593 "," 321,341 "," 548,181 ", 795 , 23 , 137 , 30 , 92 ," 1,661,244 "," 304,596 "," 8,569 "," 75,155 ", 657 ," 1,296 "," 40,524 "," 243,165 "
618,Houston,Houston,17857.22795,29.978150,-95.645980,United States," 5,322,932 "," 2,628,496 "," $64,432 "," 128,707 "," 865,053 "," 1,634,736 ", 882 , 26 , 152 , 34 , 102 ," 2,804,395 "," 1,233,812 "," 18,094 "," 543,532 "," 3,474 "," 18,175 "," 100,138 "," 2,618,888 "
619,Springfield (MO),Springfield (MO),21299.99465,36.375830,-92.550390,United States," 850,747 "," 456,476 "," $44,179 "," 23,647 "," 143,859 "," 288,970 ", 568 , 17 , 98 , 22 , 66 ," 988,021 "," 22,756 "," 6,597 "," 13,187 ", 824 , 443 ," 24,122 "," 45,630 "
622,New Orleans,New Orleans,9961.75654,30.049530,-90.294920,United States," 1,355,368 "," 701,162 "," $48,789 "," 63,871 "," 264,941 "," 372,350 ", 686 , 20 , 118 , 26 , 80 ," 1,015,448 "," 545,194 "," 11,268 "," 42,911 ", 506 ," 3,643 "," 28,363 "," 130,830 "
623,Dallas-Fort Worth,Dallas-Fort Worth,26400.16519,32.277910,-96.828370,United States," 5,922,749 "," 2,944,691 "," $65,788 "," 126,445 "," 942,743 "," 1,875,503 ", 866 , 25 , 149 , 33 , 100 ," 3,993,609 "," 1,203,746 "," 33,169 "," 502,550 "," 6,372 "," 15,190 "," 136,839 "," 2,210,533 "
624,Sioux City,Sioux City,13400.03667,42.621600,-96.376330,United States," 304,106 "," 164,545 "," $56,329 "," 8,661 "," 44,868 "," 111,016 ", 717 , 21 , 123 , 27 , 83 ," 333,904 "," 7,678 "," 5,519 "," 7,660 ", 309 , 374 ," 8,285 "," 46,655 "
625,Waco-Temple-Bryan,Waco-Temple-Bryan,12233.14900,31.079120,-97.352160,United States," 792,619 "," 401,748 "," $51,167 "," 21,805 "," 132,232 "," 247,711 ", 641 , 19 , 110 , 25 , 74 ," 578,510 "," 171,409 "," 3,962 "," 32,526 "," 3,072 "," 1,395 "," 23,871 "," 252,485 "
626,Victoria,Victoria,890.17060,28.553770,-96.973980,United States," 67,411 "," 34,830 "," $58,132 "," 1,997 "," 11,801 "," 21,032 ", 747 , 22 , 129 , 29 , 87 ," 41,396 "," 5,656 ", 211 ," 1,337 ", 16 , 193 , 819 ," 42,630 "
627,Wichita Falls-Lawton,Wichita Falls-Lawton,13819.71380,33.714160,-99.001420,United States," 318,190 "," 166,195 "," $48,438 "," 9,580 "," 56,570 "," 100,045 ", 630 , 19 , 109 , 24 , 73 ," 282,281 "," 40,324 "," 9,238 "," 7,825 ", 673 , 363 ," 16,399 "," 64,576 "
628,Monroe-El Dorado,Monroe-El Dorado,12341.05934,31.851080,-91.932170,United States," 358,032 "," 189,242 "," $37,224 "," 16,127 "," 69,029 "," 104,086 ", 557 , 16 , 96 , 21 , 65 ," 284,692 "," 167,883 "," 1,363 "," 3,698 ", 115 , 262 ," 5,479 "," 12,978 "
630,Birmingham,Birmingham,15487.33556,33.106650,-86.869620,United States," 1,461,780 "," 777,999 "," $49,569 "," 48,363 "," 252,372 "," 477,264 ", 665 , 20 , 115 , 25 , 77 ," 1,272,405 "," 499,187 "," 5,242 "," 25,359 ", 517 ," 2,474 "," 22,914 "," 77,370 "
631,Ottumwa-Kirksville,Ottumwa-Kirksville,5162.31395,40.811140,-92.545510,United States," 100,308 "," 52,757 "," $45,073 "," 3,746 "," 16,287 "," 32,724 ", 592 , 17 , 102 , 23 , 69 ," 113,948 "," 2,882 ", 321 ," 3,766 ", 70 , 86 ," 1,885 "," 7,204 "
632,Paducah-Cape Girardeau,Paducah-Cape Girardeau,17958.13972,37.236240,-89.452580,United States," 739,582 "," 399,273 "," $43,598 "," 29,084 "," 131,121 "," 239,068 ", 589 , 17 , 101 , 23 , 69 ," 824,423 "," 70,680 "," 2,477 "," 10,060 ", 219 , 665 ," 16,569 "," 27,281 "
633,Odessa-Midland,Odessa-Midland,35046.30337,29.783120,-103.077600,United States," 335,362 "," 165,881 "," $65,291 "," 7,325 "," 53,548 "," 105,008 ", 832 , 24 , 143 , 32 , 96 ," 189,084 "," 22,158 "," 2,102 "," 6,160 ", 194 , 552 ," 4,322 "," 249,624 "
634,Amarillo,Amarillo,43068.53311,35.286200,-102.063610,United States," 400,731 "," 207,832 "," $51,454 "," 9,519 "," 67,346 "," 130,967 ", 660 , 19 , 114 , 25 , 77 ," 303,773 "," 26,978 "," 3,211 "," 13,741 ", 185 , 942 ," 7,859 "," 195,053 "
635,Austin,Austin,10579.03969,30.331410,-98.027300,United States," 1,742,613 "," 865,704 "," $71,543 "," 36,796 "," 294,701 "," 534,207 ", 905 , 27 , 156 , 35 , 105 ," 1,238,570 "," 162,073 "," 6,484 "," 127,100 "," 1,315 "," 7,683 "," 39,815 "," 717,377 "
636,Harlingen-Weslaco-Brownsville-McAllen,Harlingen-Weslaco-Brownsville-McAllen,4365.34204,26.311540,-98.158420,United States," 917,482 "," 402,848 "," $37,457 "," 26,685 "," 152,533 "," 223,630 ", 526 , 15 , 91 , 20 , 61 ," 107,581 "," 7,685 ", 954 ," 12,556 ", 127 , 737 ," 2,079 "," 1,246,155 "
637,Cedar Rapids-Waterloo-Iowa City-Dubuque,Cedar Rapids-Waterloo-Iowa City-Dubuque,12907.37727,41.596900,-91.750460,United States," 698,184 "," 375,053 "," $60,723 "," 20,500 "," 111,757 "," 242,796 ", 758 , 22 , 131 , 29 , 88 ," 794,268 "," 40,366 "," 2,195 "," 22,464 ", 708 , 472 ," 16,331 "," 34,071 "
638,St Joseph,St Joseph,1672.33486,40.000000,-94.771880,United States," 97,015 "," 49,052 "," $51,952 "," 3,468 "," 16,255 "," 29,329 ", 622 , 18 , 107 , 24 , 72 ," 106,843 "," 7,113 ", 485 ," 1,590 ", 152 , 44 ," 2,670 "," 6,796 "
639,Jackson (TN),Jackson (TN),3172.95313,35.411820,-88.594070,United States," 189,999 "," 101,727 "," $44,320 "," 6,339 "," 32,420 "," 62,968 ", 587 , 17 , 101 , 22 , 68 ," 181,234 "," 53,177 ", 533 ," 1,879 ", 53 , 171 ," 3,864 "," 7,588 "
640,Memphis,Memphis,16216.41205,34.995400,-89.757520,United States," 1,357,327 "," 717,394 "," $48,629 "," 52,045 "," 251,375 "," 413,974 ", 675 , 20 , 116 , 26 , 78 ," 887,628 "," 787,973 "," 3,797 "," 33,034 ", 491 ," 1,827 "," 23,153 "," 87,220 "
641,San Antonio,San Antonio,29769.22226,28.583710,-99.160740,United States," 2,070,121 "," 956,194 "," $58,649 "," 57,728 "," 315,771 "," 582,695 ", 762 , 22 , 131 , 29 , 88 ," 964,725 "," 178,207 "," 6,947 "," 65,721 "," 2,479 "," 5,006 "," 34,401 "," 1,561,230 "
642,Lafayette (LA),Lafayette (LA),5955.19763,30.267020,-92.110310,United States," 479,239 "," 255,714 "," $46,402 "," 20,047 "," 91,024 "," 144,643 ", 645 , 19 , 111 , 25 , 75 ," 429,683 "," 172,860 "," 2,010 "," 10,035 ", 105 , 596 ," 9,350 "," 23,752 "
643,Lake Charles,Lake Charles,4672.67972,30.239190,-93.255980,United States," 205,423 "," 107,365 "," $47,669 "," 6,921 "," 38,280 "," 62,164 ", 635 , 19 , 109 , 24 , 74 ," 192,710 "," 62,042 "," 1,527 "," 3,372 ", 94 , 413 ," 5,177 "," 9,472 "
644,Alexandria (LA),Alexandria (LA),4237.00579,31.322470,-92.627780,United States," 177,072 "," 92,212 "," $43,095 "," 6,824 "," 33,444 "," 51,944 ", 577 , 17 , 99 , 22 , 67 ," 152,109 "," 64,306 "," 1,802 "," 3,587 ", 241 , 176 ," 5,322 "," 10,666 "
647,Greenwood-Greenville,Greenwood-Greenville,5409.11556,33.584260,-90.483720,United States," 140,429 "," 72,515 "," $31,859 "," 7,883 "," 28,505 "," 36,127 ", 510 , 15 , 88 , 20 , 59 ," 61,752 "," 119,258 ", 252 ," 1,358 ", 33 , 79 ," 1,314 "," 4,331 "
648,Champaign-Springfield-Decatur,Champaign-Springfield-Decatur,11897.01409,39.527620,-89.062390,United States," 740,101 "," 400,842 "," $52,907 "," 34,406 "," 139,629 "," 226,807 ", 691 , 20 , 119 , 26 , 81 ," 771,547 "," 90,768 "," 1,624 "," 31,945 ", 253 , 883 ," 18,367 "," 36,433 "
649,Evansville,Evansville,8499.75021,37.188150,-87.566240,United States," 558,436 "," 300,679 "," $51,062 "," 17,606 "," 94,025 "," 189,048 ", 659 , 19 , 113 , 25 , 77 ," 651,200 "," 37,690 "," 1,235 "," 8,069 ", 248 , 733 ," 12,152 "," 20,307 "
650,Oklahoma City,Oklahoma City,30580.50771,35.667010,-97.992490,United States," 1,452,124 "," 765,421 "," $54,201 "," 36,843 "," 254,254 "," 474,324 ", 690 , 20 , 119 , 26 , 80 ," 1,309,854 "," 165,367 "," 72,933 "," 55,515 "," 2,033 "," 2,038 "," 113,309 "," 231,226 "
651,Lubbock,Lubbock,16925.16137,32.562590,-101.790940,United States," 346,000 "," 175,757 "," $49,281 "," 8,932 "," 61,500 "," 105,325 ", 651 , 19 , 112 , 25 , 75 ," 234,601 "," 28,954 "," 1,669 "," 8,141 ", 205 , 590 ," 4,760 "," 192,215 "
652,Omaha,Omaha,12972.12567,41.105580,-96.265660,United States," 849,810 "," 457,568 "," $62,580 "," 27,884 "," 140,851 "," 288,833 ", 789 , 23 , 136 , 30 , 92 ," 895,086 "," 76,934 "," 4,598 "," 29,904 ", 691 ," 1,195 "," 22,836 "," 122,855 "
656,Panama City,Panama City,6456.71831,30.327890,-85.365450,United States," 312,306 "," 159,967 "," $47,850 "," 9,580 "," 55,760 "," 94,627 ", 605 , 18 , 104 , 23 , 70 ," 304,088 "," 50,078 "," 2,504 "," 6,224 ", 264 , 261 ," 10,083 "," 22,728 "
657,Sherman-Ada,Sherman-Ada,8836.40661,33.916030,-96.250100,United States," 248,611 "," 130,483 "," $47,566 "," 7,268 "," 42,405 "," 80,810 ", 619 , 18 , 107 , 24 , 72 ," 235,991 "," 15,979 "," 18,577 "," 3,672 ", 73 , 334 ," 25,047 "," 31,574 "
658,Green Bay-Appleton,Green Bay-Appleton,10882.10113,45.055040,-88.201890,United States," 879,922 "," 475,968 "," $58,740 "," 24,632 "," 145,193 "," 306,143 ", 723 , 21 , 125 , 28 , 84 ," 999,052 "," 19,392 "," 13,833 "," 27,552 ", 280 , 864 ," 22,333 "," 58,034 "
659,Nashville,Nashville,20795.25307,35.491770,-86.631090,United States," 2,205,686 "," 1,142,242 "," $54,973 "," 53,396 "," 348,227 "," 740,619 ", 718 , 21 , 124 , 28 , 83 ," 2,207,757 "," 379,488 "," 8,155 "," 67,999 "," 2,004 "," 3,226 "," 56,923 "," 192,527 "
661,San Angelo,San Angelo,14249.70291,30.807750,-100.740600,United States," 114,362 "," 59,036 "," $50,372 "," 3,096 "," 20,478 "," 35,462 ", 664 , 20 , 114 , 25 , 77 ," 81,289 "," 5,282 ", 547 ," 1,628 ", 90 , 258 ," 1,956 "," 59,960 "
662,Abilene-Sweetwater,Abilene-Sweetwater,16072.60631,32.622980,-99.829340,United States," 237,636 "," 121,955 "," $47,202 "," 6,175 "," 42,605 "," 73,175 ", 609 , 18 , 105 , 23 , 71 ," 206,058 "," 18,796 "," 1,276 "," 4,430 ", 142 , 371 ," 4,714 "," 77,837 "
669,Madison,Madison,8621.56887,42.989020,-89.966560,United States," 780,040 "," 415,898 "," $64,030 "," 26,948 "," 135,323 "," 253,627 ", 801 , 24 , 138 , 31 , 93 ," 844,821 "," 40,951 "," 3,235 "," 38,243 ", 263 , 721 ," 18,562 "," 59,413 "
670,Fort Smith-Fayetteville-Springdale-Roger,Fort Smith-Fayetteville-Springdale-Rogers,9078.76956,35.726990,-94.148470,United States," 655,062 "," 339,880 "," $49,548 "," 17,568 "," 107,787 "," 214,525 ", 660 , 19 , 114 , 25 , 77 ," 652,356 "," 26,416 "," 20,093 "," 26,538 "," 4,708 "," 1,898 "," 32,847 "," 118,083 "
671,Tulsa,Tulsa,17262.61058,35.428810,-95.768660,United States," 1,053,832 "," 570,005 "," $51,064 "," 32,284 "," 188,151 "," 349,570 ", 670 , 20 , 115 , 26 , 78 ," 914,154 "," 99,699 "," 106,598 "," 28,679 ", 576 ," 3,486 "," 144,404 "," 118,055 "
673,Columbus-Tupelo-West Point,Columbus-Tupelo-West Point,9697.68723,32.983250,-88.939030,United States," 373,314 "," 199,967 "," $40,439 "," 12,851 "," 63,871 "," 123,245 ", 546 , 16 , 94 , 21 , 64 ," 318,348 "," 150,182 ", 851 ," 4,555 ", 94 , 406 ," 5,291 "," 12,789 "
675,Peoria-Bloomington,Peoria-Bloomington,6360.65017,40.686700,-89.343200,United States," 484,739 "," 258,756 "," $60,724 "," 17,490 "," 84,251 "," 157,015 ", 776 , 23 , 134 , 30 , 90 ," 520,990 "," 52,554 "," 1,195 "," 19,628 ", 151 , 442 ," 11,989 "," 25,315 "
676,Duluth-Superior,Duluth-Superior,24668.77956,46.713100,-91.710480,United States," 334,527 "," 183,822 "," $52,142 "," 13,864 "," 56,328 "," 113,630 ", 671 , 20 , 115 , 26 , 78 ," 375,560 "," 6,076 "," 10,192 "," 3,806 ", 84 , 255 ," 16,597 "," 7,938 "
678,Wichita-Hutchinson,Wichita-Hutchinson,57166.88007,37.386650,-99.005100,United States," 888,690 "," 483,357 "," $53,394 "," 25,558 "," 144,650 "," 313,149 ", 668 , 20 , 115 , 26 , 78 ," 891,796 "," 61,103 "," 8,064 "," 32,465 ", 640 , 803 ," 29,414 "," 180,022 "
679,Des Moines-Ames,Des Moines-Ames,19615.55343,40.584790,-93.695390,United States," 886,356 "," 476,328 "," $61,866 "," 25,099 "," 140,907 "," 310,322 ", 775 , 23 , 133 , 30 , 90 ," 993,929 "," 44,877 "," 2,306 "," 41,357 ", 466 , 730 ," 18,862 "," 76,507 "
682,Davenport-Rock Island-Moline,Davenport-Rock Island-Moline,9706.27491,41.162800,-90.441290,United States," 582,059 "," 318,878 "," $54,471 "," 21,040 "," 102,050 "," 195,788 ", 695 , 20 , 120 , 27 , 81 ," 625,526 "," 40,502 "," 1,446 "," 13,297 ", 304 , 535 ," 14,455 "," 62,608 "
686,Mobile-Pensacola,Mobile-Pensacola,11451.79246,31.107330,-87.615230,United States," 1,113,942 "," 584,713 "," $52,132 "," 29,712 "," 202,366 "," 352,635 ", 650 , 19 , 112 , 25 , 76 ," 986,142 "," 314,596 "," 10,067 "," 32,603 "," 1,211 "," 1,492 "," 35,050 "," 70,065 "
687,Minot-Bismark,Minot-Bismark,61837.12557,47.197430,-102.716650,United States," 311,501 "," 173,820 "," $69,374 "," 7,942 "," 45,863 "," 120,015 ", 871 , 26 , 150 , 33 , 101 ," 343,007 "," 8,873 "," 22,141 "," 3,704 ", 183 , 876 ," 25,060 "," 18,362 "
691,Huntsville-Decatur,Huntsville-Decatur,7826.36566,34.735050,-86.858150,United States," 797,416 "," 426,569 "," $51,674 "," 21,433 "," 131,416 "," 273,720 ", 682 , 20 , 117 , 26 , 79 ," 773,505 "," 148,651 "," 7,550 "," 15,614 ", 589 ," 1,310 "," 22,624 "," 68,734 "
692,Beaumont-Port Arthur,Beaumont-Port Arthur,5114.83099,29.688030,-94.120260,United States," 347,976 "," 178,567 "," $50,120 "," 11,463 "," 64,370 "," 102,734 ", 663 , 20 , 114 , 25 , 77 ," 273,228 "," 106,135 "," 1,637 "," 12,006 ", 132 , 413 ," 6,199 "," 63,716 "
693,Little Rock-Pine Bluff,Little Rock-Pine Bluff,26094.68095,33.943170,-92.670400,United States," 1,102,645 "," 592,274 "," $47,600 "," 39,082 "," 200,079 "," 353,113 ", 627 , 18 , 108 , 24 , 73 ," 1,030,336 "," 287,186 "," 6,313 "," 19,382 ", 435 ," 1,070 "," 25,714 "," 75,587 "
698,Montgomery,Montgomery,11512.42478,31.597500,-86.764190,United States," 471,781 "," 252,818 "," $44,305 "," 19,745 "," 88,552 "," 144,521 ", 615 , 18 , 106 , 24 , 72 ," 304,286 "," 275,594 "," 1,674 "," 10,398 ", 194 , 877 ," 7,837 "," 16,899 "
702,La Cross-Eau Claire,La Cross-Eau Claire,10528.93920,44.313720,-91.313590,United States," 439,732 "," 230,427 "," $55,246 "," 14,225 "," 66,498 "," 149,704 ", 689 , 20 , 119 , 26 , 80 ," 519,314 "," 7,929 "," 2,782 "," 14,040 ", 142 , 272 ," 8,314 "," 17,127 "
705,Wausau-Rhinelander,Wausau-Rhinelander,11229.17416,43.974240,-89.675670,United States," 344,337 "," 189,073 "," $54,287 "," 9,725 "," 56,637 "," 122,711 ", 689 , 20 , 119 , 26 , 80 ," 397,562 "," 4,383 "," 3,597 "," 12,707 ", 148 , 196 ," 7,265 "," 11,927 "
709,Tyler-Longview,Tyler-Longview,9271.14678,31.243360,-94.685970,United States," 554,187 "," 280,351 "," $47,750 "," 14,353 "," 97,201 "," 168,797 ", 625 , 18 , 108 , 24 , 73 ," 462,786 "," 121,988 "," 2,867 "," 9,395 ", 190 , 924 ," 10,791 "," 132,417 "
710,Hattiesburg-Laurel,Hattiesburg-Laurel,4779.06924,30.997660,-89.245030,United States," 224,906 "," 117,834 "," $42,689 "," 7,063 "," 40,033 "," 70,738 ", 595 , 18 , 103 , 23 , 69 ," 189,207 "," 95,328 ", 617 ," 2,753 ", 82 , 505 ," 3,172 "," 8,533 "
711,Meridian,Meridian,5164.42474,31.989420,-88.581770,United States," 131,697 "," 70,792 "," $38,512 "," 5,896 "," 23,984 "," 40,912 ", 554 , 16 , 95 , 21 , 65 ," 92,610 "," 69,630 "," 3,493 "," 1,337 ", 24 , 286 ," 4,474 "," 3,417 "
716,Baton Rouge,Baton Rouge,6694.80720,29.700330,-91.141200,United States," 701,692 "," 363,142 "," $53,433 "," 22,548 "," 133,475 "," 207,119 ", 711 , 21 , 122 , 27 , 83 ," 524,401 "," 331,851 "," 2,782 "," 20,310 ", 201 , 933 ," 11,098 "," 37,630 "
717,Quincy-Hannibal-Keokuk,Quincy-Hannibal-Keokuk,8285.99919,40.066340,-91.274120,United States," 200,582 "," 107,228 "," $48,627 "," 6,922 "," 33,021 "," 67,285 ", 615 , 18 , 106 , 24 , 72 ," 234,959 "," 9,817 ", 440 ," 2,102 ", 79 , 161 ," 4,161 "," 5,851 "
718,Jackson (MS),Jackson (MS),14329.53577,31.390120,-90.485750,United States," 673,679 "," 352,135 "," $44,775 "," 23,418 "," 118,146 "," 210,571 ", 631 , 19 , 109 , 24 , 73 ," 419,141 "," 438,212 "," 2,140 "," 9,352 ", 235 , 938 ," 8,152 "," 24,925 "
722,Lincoln-Hastings-Kearney,Lincoln-Hastings-Kearney,39437.47054,40.359990,-99.030990,United States," 559,445 "," 301,762 "," $55,580 "," 15,463 "," 87,333 "," 198,966 ", 710 , 21 , 122 , 27 , 82 ," 619,183 "," 18,558 "," 3,140 "," 19,030 ", 270 , 512 ," 12,516 "," 68,042 "
724,Fargo-Valley City,Fargo-Valley City,42052.61356,45.947720,-97.138480,United States," 491,224 "," 272,537 "," $58,311 "," 17,591 "," 78,145 "," 176,801 ", 739 , 22 , 127 , 28 , 86 ," 558,621 "," 18,169 "," 11,944 "," 11,685 ", 192 , 341 ," 19,251 "," 23,522 "
725,Sioux Falls,Sioux Falls,49034.34006,43.188960,-98.444260,United States," 520,716 "," 279,436 "," $57,852 "," 14,531 "," 78,067 "," 186,838 ", 727 , 21 , 125 , 28 , 84 ," 589,055 "," 16,746 "," 23,987 "," 13,259 ", 180 ," 1,432 "," 27,877 "," 32,332 "
734,Jonesboro,Jonesboro,5003.33521,36.133330,-91.138970,United States," 186,932 "," 100,683 "," $43,042 "," 6,424 "," 32,987 "," 61,272 ", 563 , 17 , 97 , 22 , 65 ," 212,316 "," 18,199 "," 1,052 "," 2,003 ", 45 , 164 ," 4,047 "," 8,775 "
736,Bowling Green,Bowling Green,2495.16019,37.086240,-86.193310,United States," 169,172 "," 88,244 "," $45,929 "," 5,834 "," 27,582 "," 54,828 ", 590 , 17 , 102 , 23 , 68 ," 186,565 "," 15,228 ", 487 ," 5,423 ", 134 , 206 ," 3,895 "," 9,500 "
737,Mankato,Mankato,2587.02679,43.501300,-94.438520,United States," 103,295 "," 54,821 "," $56,548 "," 3,487 "," 16,019 "," 35,315 ", 713 , 21 , 123 , 27 , 83 ," 116,761 "," 3,600 ", 277 ," 2,388 ", 38 , 57 ," 1,784 "," 7,459 "
740,North Platte,North Platte,4713.32552,41.392990,-100.815330,United States," 27,323 "," 15,685 "," $54,947 ", 883 ," 4,700 "," 10,102 ", 686 , 20 , 118 , 26 , 80 ," 31,887 ", 386 , 176 , 351 , 5 , 16 , 411 ," 3,094 "
743,Anchorage,Anchorage,42779.71605,61.063960,-149.146390,United States," 340,682 "," 168,610 "," $84,630 "," 9,007 "," 48,625 "," 110,978 ", 949 , 28 , 163 , 36 , 110 ," 305,538 "," 19,141 "," 23,463 "," 30,751 "," 4,389 "," 1,070 "," 42,575 "," 34,155 "
744,Honolulu,Honolulu,6444.98093,19.589620,-155.433660,United States," 1,101,153 "," 490,076 "," $79,293 "," 40,653 "," 164,346 "," 285,077 ", 935 , 28 , 161 , 36 , 109 ," 315,779 "," 29,473 "," 2,598 "," 524,334 "," 101,863 "," 1,658 "," 310,985 "," 144,667 "
745,Fairbanks,Fairbanks,7386.96329,64.402390,-146.277730,United States," 73,946 "," 37,754 "," $79,804 "," 2,090 "," 10,223 "," 25,441 ", 887 , 26 , 153 , 34 , 102 ," 69,549 "," 5,188 "," 4,808 "," 3,296 ", 326 , 106 ," 8,265 "," 7,976 "
746,Biloxi-Gulfport,Biloxi-Gulfport,2256.86257,30.650910,-88.867960,United States," 293,316 "," 154,189 "," $49,086 "," 7,337 "," 52,770 "," 94,082 ", 600 , 18 , 103 , 23 , 70 ," 262,815 "," 87,156 "," 1,419 "," 9,835 ", 294 , 395 ," 7,878 "," 21,208 "
747,Juneau,Juneau,2781.98714,58.219390,-134.177530,United States," 24,708 "," 12,820 "," $95,717 ", 902 ," 4,440 "," 7,478 "," 1,022 ", 30 , 176 , 39 , 118 ," 20,790 ", 479 ," 2,397 "," 2,140 ", 143 , 40 ," 3,990 "," 2,171 "
749,Laredo,Laredo,4440.87496,27.388160,-99.145630,United States," 189,526 "," 82,643 "," $41,110 "," 5,621 "," 27,329 "," 49,693 ", 558 , 16 , 96 , 21 , 64 ," 12,098 "," 1,143 ", 125 ," 1,967 ", 11 , 270 , 326 ," 274,927 "
751,Denver,Denver,117004.67874,40.247750,-104.609330,United States," 3,477,905 "," 1,770,802 "," $72,201 "," 89,766 "," 517,837 "," 1,163,199 ", 937 , 28 , 161 , 36 , 109 ," 3,108,802 "," 188,034 "," 21,410 "," 161,234 "," 3,649 "," 12,394 "," 91,422 "," 960,115 "
752,Colorado Springs-Pueblo,Colorado Springs-Pueblo,21670.12765,37.546380,-104.027160,United States," 754,509 "," 384,116 "," $59,199 "," 18,243 "," 113,577 "," 252,296 ", 744 , 22 , 128 , 29 , 86 ," 665,513 "," 52,840 "," 5,859 "," 23,676 "," 2,156 "," 1,099 "," 30,498 "," 215,097 "
753,Phoenix,Phoenix,83932.86188,34.634670,-111.900710,United States," 4,224,155 "," 2,102,758 "," $58,245 "," 118,674 "," 749,091 "," 1,234,993 ", 760 , 22 , 131 , 29 , 88 ," 3,212,471 "," 279,964 "," 130,407 "," 200,554 "," 9,202 "," 31,423 "," 159,041 "," 1,587,798 "
754,Butte-Bozeman,Butte-Bozeman,17217.45756,44.632520,-112.360960,United States," 153,513 "," 80,671 "," $55,282 "," 4,366 "," 21,313 "," 54,992 ", 719 , 21 , 124 , 28 , 83 ," 175,937 "," 1,268 "," 1,879 "," 2,177 ", 128 , 155 ," 4,034 "," 7,209 "
755,Great Falls,Great Falls,40593.41484,47.565700,-109.936250,United States," 127,947 "," 69,796 "," $47,594 "," 4,457 "," 21,064 "," 44,275 ", 644 , 19 , 111 , 25 , 75 ," 133,955 "," 1,714 "," 12,487 "," 1,306 ", 84 , 379 ," 14,595 "," 6,229 "
756,Billings,Billings,52698.87256,44.438460,-108.195480,United States," 221,796 "," 122,635 "," $58,259 "," 5,897 "," 33,459 "," 83,279 ", 725 , 21 , 125 , 28 , 84 ," 247,359 "," 2,193 "," 11,416 "," 2,117 ", 138 ," 1,107 "," 12,554 "," 15,376 "
757,Boise,Boise,32867.51073,43.538160,-116.304110,United States," 609,145 "," 303,186 "," $55,505 "," 12,748 "," 90,707 "," 199,731 ", 704 , 21 , 121 , 27 , 82 ," 654,041 "," 9,799 "," 4,846 "," 17,165 "," 1,458 ", 979 ," 18,279 "," 120,037 "
758,Idaho Falls-Pocatello,Idaho Falls-Pocatello,30002.15887,44.003390,-112.678050,United States," 278,012 "," 142,268 "," $54,367 "," 5,778 "," 37,670 "," 98,820 ", 680 , 20 , 117 , 26 , 79 ," 325,874 "," 3,048 "," 4,646 "," 4,153 ", 456 ," 1,101 "," 7,268 "," 48,102 "
759,Cheyenne-Scotts Bluff,Cheyenne-Scotts Bluff,7720.68641,41.999880,-104.321110,United States," 110,865 "," 60,428 "," $60,212 "," 2,522 "," 17,725 "," 40,181 ", 732 , 22 , 126 , 28 , 85 ," 113,169 "," 3,284 "," 1,109 "," 1,715 ", 144 , 122 ," 2,620 "," 24,478 "
760,Twin Falls,Twin Falls,10456.01116,42.316270,-114.043700,United States," 137,504 "," 71,159 "," $50,031 "," 2,696 "," 18,287 "," 50,176 ", 621 , 18 , 107 , 24 , 72 ," 140,254 "," 1,241 "," 1,086 "," 2,174 ", 155 , 396 ," 2,540 "," 46,436 "
762,Missoula,Missoula,17625.71179,47.230350,-114.464150,United States," 245,602 "," 128,827 "," $49,048 "," 5,720 "," 37,026 "," 86,081 ", 657 , 19 , 113 , 25 , 76 ," 276,849 "," 1,779 "," 7,469 "," 3,324 ", 188 , 205 ," 12,815 "," 10,493 "
764,Rapid City,Rapid City,40628.49794,44.566500,-102.714220,United States," 201,938 "," 109,434 "," $54,019 "," 6,105 "," 30,598 "," 72,731 ", 669 , 20 , 115 , 26 , 78 ," 211,682 "," 3,244 "," 17,370 "," 2,645 ", 108 ," 1,058 "," 18,673 "," 12,353 "
765,El Paso,El Paso,13224.99199,31.840950,-105.662100,United States," 768,905 "," 369,839 "," $44,090 "," 23,804 "," 119,991 "," 226,044 ", 576 , 17 , 99 , 22 , 67 ," 172,142 "," 32,068 "," 3,418 "," 13,734 ", 944 ," 1,361 "," 8,034 "," 840,447 "
766,Helena,Helena,4723.96134,46.893750,-112.111540,United States," 54,500 "," 28,918 "," $63,715 "," 1,647 "," 8,198 "," 19,073 ", 740 , 22 , 127 , 28 , 86 ," 63,915 ", 474 ," 1,015 ", 556 , 36 , 25 ," 1,893 "," 2,419 "
767,Casper-Riverton,Casper-Riverton,23114.50076,42.728080,-107.472940,United States," 107,525 "," 59,378 "," $60,864 "," 2,495 "," 16,429 "," 40,454 ", 783 , 23 , 135 , 30 , 91 ," 118,673 "," 1,549 "," 4,940 "," 1,153 ", 47 , 430 ," 5,886 "," 12,111 "
770,Salt Lake City,Salt Lake City,139549.51466,39.296410,-112.261670,United States," 2,286,361 "," 1,062,329 "," $68,976 "," 43,225 "," 263,258 "," 755,846 ", 824 , 24 , 142 , 32 , 95 ," 2,591,840 "," 44,548 "," 25,019 "," 82,346 "," 23,644 "," 6,508 "," 70,825 "," 460,667 "
771,Yuma-El Centro,Yuma-El Centro,10006.18793,32.751630,-114.719750,United States," 283,162 "," 125,258 "," $46,397 "," 7,772 "," 43,303 "," 74,183 ", 589 , 17 , 101 , 23 , 69 ," 88,764 "," 9,828 "," 2,857 "," 5,791 ", 296 , 527 ," 3,714 "," 281,848 "
773,Grand Junction-Montrose,Grand Junction-Montrose,6866.98156,37.859590,-108.218870,United States," 155,479 "," 83,777 "," $52,690 "," 3,984 "," 25,773 "," 54,020 ", 672 , 20 , 116 , 26 , 78 ," 161,648 "," 1,775 "," 1,106 "," 1,919 ", 179 , 287 ," 3,239 "," 31,712 "
789,Tucson-Sierra Vista,Tucson-Sierra Vista,16658.63929,31.923180,-111.190860,United States," 919,837 "," 487,136 "," $50,829 "," 37,017 "," 176,412 "," 273,707 ", 689 , 20 , 118 , 26 , 80 ," 608,766 "," 43,470 "," 18,174 "," 34,556 "," 1,658 "," 3,143 "," 25,876 "," 455,578 "
790,Albuquerque-Santa Fe,Albuquerque-Santa Fe,117518.83589,33.819200,-106.526930,United States," 1,447,666 "," 761,052 "," $50,710 "," 42,073 "," 251,716 "," 467,263 ", 656 , 19 , 113 , 25 , 76 ," 764,161 "," 37,961 "," 134,783 "," 31,249 "," 1,030 "," 23,953 "," 94,521 "," 827,629 "
798,Glendive,Glendive,4114.39948,46.612640,-105.196270,United States," 7,726 "," 4,220 "," $57,885 ", 143 ," 1,066 "," 3,011 ", 780 , 23 , 134 , 30 , 91 ," 9,201 ", 59 , 126 , 61 , 4 , 5 , 257 , 343 
800,Bakersfield,Bakersfield,5797.30882,34.901250,-119.054590,United States," 575,240 "," 252,243 "," $54,506 "," 16,513 "," 75,024 "," 160,706 ", 714 , 21 , 123 , 27 , 83 ," 272,212 "," 43,782 "," 5,242 "," 39,724 ", 752 , 847 ," 14,999 "," 446,666 "
801,Eugene,Eugene,11953.25989,43.379330,-123.123450,United States," 522,193 "," 267,949 "," $50,666 "," 20,137 "," 85,057 "," 162,755 ", 671 , 20 , 115 , 26 , 78 ," 537,757 "," 7,194 "," 6,705 "," 19,909 "," 1,135 ", 471 ," 24,269 "," 50,928 "
802,Eureka,Eureka,4591.54858,40.807890,-123.907880,United States," 130,833 "," 69,020 "," $46,124 "," 5,418 "," 23,733 "," 39,869 ", 615 , 18 , 106 , 24 , 71 ," 119,939 "," 2,896 "," 6,484 "," 4,885 ", 300 , 487 ," 9,496 "," 21,158 "
803,Los Angeles,Los Angeles,45408.43865,35.425990,-116.804620,United States," 14,004,496 "," 6,072,078 "," $68,945 "," 408,242 "," 1,845,727 "," 3,818,109 ", 928 , 27 , 160 , 36 , 107 ," 5,790,160 "," 1,292,222 "," 46,934 "," 2,506,614 "," 42,709 "," 42,831 "," 408,907 "," 8,359,098 "
804,Palm Springs,Palm Springs,1338.50147,33.729860,-116.235500,United States," 356,410 "," 170,922 "," $52,848 "," 8,501 "," 65,712 "," 96,709 ", 776 , 23 , 133 , 30 , 91 ," 179,296 "," 11,751 "," 1,735 "," 14,171 ", 397 , 521 ," 5,902 "," 251,097 "
807,San Francisco-Oakland-San Jose,San Francisco-Oakland-San Jose,11139.39502,38.447740,-122.615490,United States," 6,019,614 "," 2,766,578 "," $101,748 "," 264,297 "," 847,473 "," 1,654,808 "," 1,349 ", 40 , 232 , 52 , 157 ," 3,075,868 "," 462,557 "," 23,344 "," 2,028,149 "," 36,727 "," 30,621 "," 260,463 "," 1,766,708 "
810,Yakima-Pasco-Richland-Kennewick,Yakima-Pasco-Richland-Kennewick,16207.48174,46.557440,-119.748430,United States," 530,987 "," 257,299 "," $57,720 "," 14,012 "," 67,539 "," 175,748 ", 730 , 21 , 126 , 28 , 85 ," 428,087 "," 11,744 "," 11,773 "," 14,971 ", 833 ," 2,183 "," 16,720 "," 254,939 "
811,Reno,Reno,52177.16077,39.161530,-118.959460,United States," 594,859 "," 304,011 "," $60,309 "," 19,660 "," 94,354 "," 189,997 ", 764 , 22 , 131 , 29 , 89 ," 506,009 "," 18,156 "," 10,373 "," 33,628 "," 2,892 "," 1,603 "," 21,284 "," 169,144 "
813,Medford-Klamath Falls,Medford-Klamath Falls,26874.92210,41.561800,-121.963190,United States," 350,700 "," 186,958 "," $47,930 "," 11,438 "," 57,313 "," 118,207 ", 637 , 19 , 109 , 24 , 74 ," 361,619 "," 4,161 "," 6,228 "," 5,954 ", 818 , 240 ," 15,300 "," 50,407 "
819,Seattle-Tacoma,Seattle-Tacoma,26080.99703,46.447750,-121.841960,United States," 4,161,290 "," 2,104,801 "," $76,685 "," 153,257 "," 639,982 "," 1,311,562 ", 973 , 29 , 168 , 37 , 113 ," 3,620,966 "," 265,068 "," 50,126 "," 585,802 "," 32,066 "," 8,960 "," 250,025 "," 545,893 "
820,Portland (OR),Portland (OR),48691.07972,44.276340,-120.449790,United States," 2,637,166 "," 1,319,113 "," $66,070 "," 96,025 "," 413,674 "," 809,414 ", 834 , 25 , 144 , 32 , 97 ," 2,542,367 "," 86,613 "," 28,798 "," 184,040 "," 13,394 "," 4,604 "," 116,104 "," 449,878 "
821,Bend,Bend,3048.51700,43.722970,-120.949520,United States," 146,503 "," 75,126 "," $60,743 "," 2,588 "," 20,966 "," 51,572 ", 751 , 22 , 129 , 29 , 87 ," 162,249 "," 1,242 "," 1,259 "," 2,204 ", 198 , 220 ," 4,123 "," 15,130 "
825,San Diego,San Diego,4240.96963,32.771000,-116.838420,United States," 2,583,107 "," 1,163,765 "," $75,397 "," 59,762 "," 362,361 "," 741,642 ", 967 , 28 , 166 , 37 , 112 ," 1,532,820 "," 173,424 "," 13,137 "," 400,739 "," 13,540 "," 6,032 "," 107,083 "," 1,105,793 "
828,Monterey-Salinas,Monterey-Salinas,5150.37492,36.096940,-121.265830,United States," 574,268 "," 243,911 "," $72,307 "," 11,528 "," 70,054 "," 162,329 ", 943 , 28 , 162 , 36 , 109 ," 305,191 "," 17,829 "," 2,542 "," 42,198 "," 2,177 "," 1,170 "," 19,167 "," 376,921 "
839,Las Vegas,Las Vegas,36809.94474,37.082760,-116.121020,United States," 1,719,628 "," 853,181 "," $56,588 "," 68,233 "," 315,356 "," 469,592 ", 694 , 20 , 120 , 27 , 81 ," 1,008,288 "," 255,149 "," 9,615 "," 222,977 "," 13,566 "," 2,160 "," 77,092 "," 679,993 "
855,Santa Barbara-Santa Maria-San Luis Obisp,Santa Barbara-Santa Maria-San Luis Obispo,6071.20104,35.084020,-120.394170,United States," 568,468 "," 255,995 "," $71,358 "," 13,404 "," 75,810 "," 166,781 ", 912 , 27 , 157 , 35 , 106 ," 392,854 "," 15,003 "," 3,086 "," 35,528 "," 1,010 "," 1,037 "," 16,753 "," 262,196 "
862,Sacramento-Stockton-Modesto,Sacramento-Stockton-Modesto,19659.67011,37.755080,-120.989350,United States," 3,257,693 "," 1,518,075 "," $65,482 "," 88,721 "," 450,605 "," 978,749 ", 850 , 25 , 146 , 33 , 99 ," 2,129,501 "," 289,244 "," 24,651 "," 513,002 "," 23,388 "," 6,074 "," 165,093 "," 1,196,698 "
866,Fresno-Visalia,Fresno-Visalia,17828.29184,36.422080,-119.614700,United States," 1,434,699 "," 631,364 "," $49,514 "," 48,407 "," 194,144 "," 388,813 ", 675 , 20 , 116 , 26 , 78 ," 626,287 "," 84,626 "," 12,690 "," 148,833 "," 2,269 "," 3,090 "," 37,200 "," 1,133,211 "
868,Chico-Redding,Chico-Redding,17204.12899,40.007680,-121.811030,United States," 404,649 "," 211,313 "," $47,749 "," 13,694 "," 68,284 "," 129,335 ", 656 , 19 , 113 , 25 , 76 ," 382,352 "," 7,335 "," 8,457 "," 18,311 ", 686 , 340 ," 18,985 "," 84,714 "
881,Spokane,Spokane,52804.33452,46.579990,-117.602990,United States," 910,959 "," 474,697 "," $52,450 "," 28,058 "," 133,394 "," 313,245 ", 669 , 20 , 115 , 26 , 78 ," 974,853 "," 16,641 "," 17,430 "," 23,167 "," 2,227 "," 1,664 "," 40,417 "," 111,790 "
